
---------- Blue ----------
 "Blue/.DS_Store.jpg",  "Blue/f1089_erb_bivouacexhibition2_hdf_3.jpg",  "Blue/f1107_erb_2012_album_vdm_hdf_4.jpg",  "Blue/f1117_erb_2012_album_vdm_hdf_13.jpg",  "Blue/f1128_erb_2001_vasetv_hdf_1.jpg",  "Blue/f1137_erb_2008_clouds_hdf_12.jpg",  "Blue/f1234_erb_2012_mca_hdf_08.jpg",  "Blue/f1313_erb_2013_flos_aim_01_hdf.jpg",  "Blue/f148_3hddessinblossom.jpg",  "Blue/f2151_erb_2016_kreo_chaines_04_hdf.jpg",  "Blue/f2160_erb_2016_kreo_chaines_13_hdf.jpg",  "Blue/f2215_erb_2017_artek_rivi_04_hdf.jpg",  "Blue/f2216_erb_2017_artek_rivi_05_hdf.jpg",  "Blue/f2221_erb_2017_artek_rivi_10_hdf.jpg",  "Blue/f2223_erb_2017_artek_rivi_12_hdf.jpg",  "Blue/f2224_erb_2017_artek_rivi_13_hdf.jpg",  "Blue/f2225_erb_2017_artek_rivi_14_photo_zara_pfeifer01_hdf.jpg",  "Blue/f2274_erb_2017_danskina_dessin_03_hdf.jpg",  "Blue/f2276_erb_2017_danskina_dessin_05_hdf.jpg",  "Blue/f24_1hdmiyake.jpg",  "Blue/f2676_bouroullec_2012_bivouac_catalog_hdf_05.jpg",  "Blue/f287_bouroullecsusp+tablebasseauberginebells_2.jpg",  "Blue/f695_bouroullec_clouds.jpg",  "Blue/f713_bouroullec_clouds_10.jpg",  "Blue/f714_bouroullec_clouds_11.jpg",  "Blue/f715_bouroullec_clouds_12.jpg",  "Blue/f716_bouroullec_clouds_13.jpg",  "Blue/f718_bouroullec_clouds_15.jpg",  "Blue/f719_bouroullec_clouds_16.jpg",  "Blue/f720_bouroullec_clouds_17.jpg",  "Blue/f910_erb_2010_appartement50_hdf_1.jpg",  "Blue/f912_erb_2010_appartement50_hdf_4.jpg",  "Blue/f913_erb_2010_appartement50_hdf_5.jpg", 