
---------- Red ----------
 "Red/.DS_Store.jpg",  "Red/f1071_erb_bivouacexibition_2011_64_a.jpg",  "Red/f1072_erb_2011_bivouacexhibition_66.jpg",  "Red/f1112_erb_2012_album_vdm_hdf_8.jpg",  "Red/f1142_erb_2011_piani_hdf_9.jpg",  "Red/f149_4bdblossominggp.jpg",  "Red/f2162_erb_2016_kreo_chaines_15_hdf.jpg",  "Red/f2163_erb_2016_kreo_chaines_16_hdf.jpg",  "Red/f2209_2016_bouroullec_rennes_17_screens_01_hdf.jpg",  "Red/f2438_bouroullec_2018_wonderglass_alcova_hdf_16_photocredit_clairelavabre.jpg",  "Red/f2439_bouroullec_2018_wonderglass_alcova_hdf_17_photocredit_clairelavabre.jpg",  "Red/f2440_bouroullec_2018_wonderglass_alcova_hdf_18_photocredit_clairelavabre.jpg",  "Red/f2441_bouroullec_2018_wonderglass_alcova_hdf_19_photocredit_clairelavabre.jpg",  "Red/f2442_bouroullec_nanimarquina_blur_hdf_01.jpg",  "Red/f2449_bouroullec_nanimarquina_blur_hdf_08.jpg",  "Red/f2450_bouroullec_nanimarquina_blur_hdf_09.jpg",  "Red/f2451_bouroullec_nanimarquina_blur_hdf_10.jpg",  "Red/f478_bouroullecalcovesofa13hdf.jpg",  "Red/f479_bouroullecalcovesofa14hdf.jpg",  "Red/f480_bouroullecalcovesofa28hdf.jpg",  "Red/f481_bouroullecalcovesofa31hdf.jpg",  "Red/f482_bouroullecalcovesofa32hdf.jpg",  "Red/f556_bouroullec_alcove_sofa_high_hdf1.jpg",  "Red/f557_bouroullec_alcove_sofa_high_hdf2.jpg",  "Red/f558_bouroullec_alcove_sofa_high_hdf3.jpg",  "Red/f560_bouroullec_alcove_sofa_high_hdf5.jpg",  "Red/f561_bouroullec_alcove_sofa_high_hdf6.jpg",  "Red/f563_bouroullec_alcove_sofa_high_hdf8.jpg",  "Red/f564_bouroullec_alcove_sofa_high_hdf9.jpg",  "Red/f703_bouroullec_clouds_1.jpg",  "Red/f704_bouroullec_clouds_2.jpg",  "Red/f711_bouroullec_clouds_8.jpg",  "Red/f712_bouroullec_clouds_9.jpg",  "Red/f830_erb_2009_camperstore_hdf_1.jpg",  "Red/f831_erb_2009_camperstore_hdf_2.jpg",  "Red/f832_erb_2009_camperstore_hdf_3.jpg",  "Red/f833_erb_2009_camperstore_hdf_4.jpg",  "Red/f834_erb_2009_camperstore_hdf_5.jpg",  "Red/f835_erb_2009_camperstore_hdf_6.jpg",  "Red/f836_erb_2009_camperstore_hdf_7.jpg",  "Red/f837_erb_2009_camperstore_hdf_8.jpg",  "Red/f838_erb_2009_camperstore_hdf_9.jpg",  "Red/f839_erb_2009_camperstore_hdf_10.jpg",  "Red/f840_erb_2009_camperstore_hdf_11.jpg",  "Red/f841_erb_2009_camperstore_hdf_12.jpg",  "Red/f842_erb_2009_camperstore_hdf_13.jpg",  "Red/f843_erb_2009_camperstore_hdf_14.jpg",  "Red/f95_4hdinside4.jpg", 